[
  {
    "id": "4629ee7d-6271-47e9-a66c-8da093b0cd2b",
    "data": [
      {
        "text": "отметиться",
        "userDefined": false
      }
    ],
    "isTemplate": false,
    "count": 0,
    "updated": 1524082350
  },
  {
    "id": "76193605-d1da-4201-a878-ed127b6ed919",
    "data": [
      {
        "text": "присутствовать",
        "userDefined": false
      }
    ],
    "isTemplate": false,
    "count": 0,
    "updated": 0
  },
  {
    "id": "5eba94ec-9e91-4897-bd1c-53e186133d1f",
    "data": [
      {
        "text": "я на занятии",
        "userDefined": false
      }
    ],
    "isTemplate": false,
    "count": 0,
    "updated": 1524082350
  },
  {
    "id": "264f85db-4bab-40bb-a4e1-bf8ae24ec57a",
    "data": [
      {
        "text": "присутствие",
        "userDefined": false
      }
    ],
    "isTemplate": false,
    "count": 0,
    "updated": 1524082350
  }
]