[
  {
    "id": "37330733-eb24-4ac5-b428-df7f01ebb0b2",
    "data": [
      {
        "text": "адрес ",
        "userDefined": false
      },
      {
        "text": "test@croc.ru",
        "alias": "email",
        "meta": "@sys.email",
        "userDefined": true
      }
    ],
    "isTemplate": false,
    "count": 0,
    "updated": 1523628759
  },
  {
    "id": "69ab2a67-7128-4bd9-823c-abf501ded67e",
    "data": [
      {
        "text": "мой адрес ",
        "userDefined": false
      },
      {
        "text": "@sys.email",
        "alias": "email",
        "meta": "@sys.email",
        "userDefined": true
      }
    ],
    "isTemplate": false,
    "count": 0,
    "updated": 1523628759
  },
  {
    "id": "28c93698-b8a0-4a15-b026-9e775447b366",
    "data": [
      {
        "text": "@sys.email",
        "alias": "email",
        "meta": "@sys.email",
        "userDefined": true
      }
    ],
    "isTemplate": false,
    "count": 0,
    "updated": 1523628759
  }
]