[
  {
    "id": "46e947ac-9a23-4c63-ae1f-c82db46a6928",
    "data": [
      {
        "text": "регистрация",
        "userDefined": false
      }
    ],
    "isTemplate": false,
    "count": 0,
    "updated": 1523613344
  },
  {
    "id": "69d9b83e-059e-4255-ad55-d095e6282a4e",
    "data": [
      {
        "text": "регистрируй",
        "userDefined": false
      }
    ],
    "isTemplate": false,
    "count": 0,
    "updated": 1523613344
  },
  {
    "id": "9f2c47d8-248a-449e-b0fc-3eca32d31125",
    "data": [
      {
        "text": "регистрировать",
        "userDefined": false
      }
    ],
    "isTemplate": false,
    "count": 0,
    "updated": 1523613344
  },
  {
    "id": "941643db-7376-4ccc-86b3-e4c4c973b9d9",
    "data": [
      {
        "text": "зарегистрировать",
        "userDefined": false
      }
    ],
    "isTemplate": false,
    "count": 0,
    "updated": 1523613344
  }
]