[
  {
    "id": "d5bb97ec-55e8-4f1e-8a2a-f3a2e0ae8954",
    "data": [
      {
        "text": "здравствуй",
        "userDefined": false
      }
    ],
    "isTemplate": false,
    "count": 0,
    "updated": 0
  },
  {
    "id": "17a03675-0548-4536-9f96-13a71cb3143c",
    "data": [
      {
        "text": "доброе ",
        "userDefined": false
      },
      {
        "text": "утро",
        "alias": "time-period",
        "meta": "@sys.time-period",
        "userDefined": false
      },
      {
        "text": "!",
        "userDefined": false
      }
    ],
    "isTemplate": false,
    "count": 0,
    "updated": 1524170103
  },
  {
    "id": "0f49d1db-729a-4cad-b0cd-ffd38a45c8e2",
    "data": [
      {
        "text": "привет",
        "userDefined": false
      }
    ],
    "isTemplate": false,
    "count": 0,
    "updated": 0
  }
]